{"designerVersion":"1.3.25","favorite":false,"id":"customBwPdfjs","name":"bwPdfjs","lastUpdate":1505746136552,"template":"<!-- The custom widget template is defined here\n   - You can use standard HTML tags and AngularJS built-in directives, scope and interpolation system\n   - Custom widget properties defined on the right can be used as variables in a templates with properties.newProperty\n   - Functions exposed in the controller can be used with ctrl.newFunction()\n   - You can use the 'environment' property injected in the scope when inside the Editor whiteboard. It allows to define a mockup\n     of the Custom Widget to be displayed in the whiteboard only. By default the widget is represented by an auto-generated icon\n     and its name (See the <span> below).\n-->\n \n<span ng-if=\"environment\"><identicon name=\"{{environment.component.id}}\" size=\"30\" background-color=\"[255,255,255, 0]\" foreground-color=\"[51,51,51]\"></identicon> {{environment.component.name}}</span>\n<span ng-if=\"environment\">{{properties.src}}</span>\n\n<div class=\"pdf-container\">\n    <pdfjs-viewer src=\"{{trustSrc()}}\"></pdfjs-viewer>\n</div>","controller":"/**\n * The controller is a JavaScript function that augments the AngularJS scope and exposes functions that can be used in the custom widget template\n * \n * Custom widget properties defined on the right can be used as variables in a controller with $scope.properties\n * To use AngularJS standard services, you must declare them in the main function arguments.\n * \n * You can leave the controller empty if you do not need it.\n */\nfunction ($scope, $sce) {\n    $scope.trustSrc = function(src) {\n        return $sce.trustAsResourceUrl($scope.properties.src);\n    }\n}","custom":true,"properties":[{"label":"PDF src","name":"src","type":"text","bond":"expression"}],"assets":[{"id":"f733613d-36cc-4ea1-8df3-d2074ef41a79","name":"angular-pdfjs-viewer.js","type":"js","order":4,"external":false},{"id":"c818d3c9-35ac-4656-b828-e0516670b4a5","name":"bwPdfjs.css","type":"css","order":2,"external":false},{"id":"2b869df7-8bbc-433f-b449-77460f804564","name":"pdf.worker.js","type":"js","order":5,"external":false},{"id":"6361d4ac-5259-4430-b140-85e2f60c150e","name":"viewer.css","type":"css","order":1,"external":false},{"id":"00cfee83-b1bf-4a92-aad1-d167290cc51c","name":"pdf.js","type":"js","order":3,"external":false}],"requiredModules":["pdfjsViewer"],"type":"widget"}