{"designerVersion":"1.3.25","favorite":false,"id":"customBwChartjs","name":"bwChartjs","lastUpdate":1505490003644,"template":"<!-- The custom widget template is defined here\n   - You can use standard HTML tags and AngularJS built-in directives, scope and interpolation system\n   - Custom widget properties defined on the right can be used as variables in a templates with properties.newProperty\n   - Functions exposed in the controller can be used with ctrl.newFunction()\n   - You can use the 'environment' property injected in the scope when inside the Editor whiteboard. It allows to define a mockup\n     of the Custom Widget to be displayed in the whiteboard only. By default the widget is represented by an auto-generated icon\n     and its name (See the <span> below).\n-->\n \n<span ng-if=\"environment\"><identicon name=\"{{environment.component.id}}\" size=\"30\" background-color=\"[255,255,255, 0]\" foreground-color=\"[51,51,51]\"></identicon> {{environment.component.name}}</span>\n<span ng-if=\"environment\">{{properties.chartId}} {{properties.type}}</span>\n\n<div>\n<canvas id=\"{{properties.chartId}}\" ng-if=\"properties.type == 'Line'\" class=\"chart chart-line\" chart-data=\"data\" chart-labels=\"labels\" chart-series=\"series\" chart-options=\"options\"></canvas>\n<canvas id=\"{{properties.chartId}}\" ng-if=\"properties.type == 'Bar'\" class=\"chart chart-bar\" chart-data=\"data\" chart-labels=\"labels\" chart-series=\"series\" chart-options=\"options\"></canvas>\n</div>\n\n","controller":"/**\n * The controller is a JavaScript function that augments the AngularJS scope and exposes functions that can be used in the custom widget template\n * \n * Custom widget properties defined on the right can be used as variables in a controller with $scope.properties\n * To use AngularJS standard services, you must declare them in the main function arguments.\n * \n * You can leave the controller empty if you do not need it.\n */\nfunction ($scope) {\n    console.log(angular.version);\n    /*\n    $scope.type = 'chart-line';\n    if ($scope.properties.type == 'Line') {\n       $scope.type = 'chart-line';\n    } else if ($scope.properties.type == 'Bar') {\n        $scope.type = 'chart-bar';\n    }\n    console.log('chart type ' + $scope.type);\n    \n    if (!$scope.properties.options) {\n        console.log('default chart options');\n        $scope.properties.options = { legend: { display: true } };\n    }\n    */\n    $scope.options = { legend: { display: true } };\n    $scope.labels = ['2006', '2007', '2008', '2009', '2010', '2011', '2012'];\n    $scope.series = ['Series A', 'Series B'];\n    $scope.data = [\n      [65, 59, 80, 81, 56, 55, 40],\n      [28, 48, 40, 19, 86, 27, 90]\n    ];    \n}","custom":true,"properties":[{"label":"Chard ID","name":"chartId","help":"unique id on the page","type":"text","defaultValue":"chart1","bond":"expression"},{"label":"Chart labes","name":"labels","type":"collection","defaultValue":[],"bond":"expression"},{"label":"Chart data","name":"data","type":"collection","defaultValue":[],"bond":"expression"},{"label":"Chart Series","name":"series","type":"collection","defaultValue":[],"bond":"expression"},{"label":"Chart options","name":"options","type":"text","defaultValue":"","bond":"expression"},{"label":"Chart Type","name":"type","type":"choice","defaultValue":"Line","choiceValues":["Line","Bar","Doughnut","Radar","Pie","Polar Area","Horizontal Bar","Bubble","Base"],"bond":"expression"}],"assets":[{"id":"fec8e4bb-93a2-4468-8f20-a6b5cc4c2b66","name":"lodash.js","type":"js","order":2,"external":false},{"id":"9ed26d8e-da3c-4f85-a0e0-052f4c725b1f","name":"Chart.js","type":"js","order":1,"external":false},{"id":"c9a85c5b-7048-4c1c-8df8-e961d95c9842","name":"angular-chart-patched.js","type":"js","order":3,"external":false}],"requiredModules":["chart.js"],"type":"widget"}