{"designerVersion":"1.3.25","favorite":false,"id":"customBwFontawesome","name":"bwFontawesome","lastUpdate":1505740934818,"template":"<!-- The custom widget template is defined here\n   - You can use standard HTML tags and AngularJS built-in directives, scope and interpolation system\n   - Custom widget properties defined on the right can be used as variables in a templates with properties.newProperty\n   - Functions exposed in the controller can be used with ctrl.newFunction()\n   - You can use the 'environment' property injected in the scope when inside the Editor whiteboard. It allows to define a mockup\n     of the Custom Widget to be displayed in the whiteboard only. By default the widget is represented by an auto-generated icon\n     and its name (See the <span> below).\n-->\n \n<span ng-if=\"environment\"><identicon name=\"{{environment.component.id}}\" size=\"30\" background-color=\"[255,255,255, 0]\" foreground-color=\"[51,51,51]\"></identicon> {{environment.component.name}}</span>\n<span ng-if=\"environment\">{{properties.icon}}</span>\n\n<i ng-class=\"icon\"></i>\n<!--<i class=\"fa fa-camera-retro\"></i>-->","controller":"/**\n * The controller is a JavaScript function that augments the AngularJS scope and exposes functions that can be used in the custom widget template\n * \n * Custom widget properties defined on the right can be used as variables in a controller with $scope.properties\n * To use AngularJS standard services, you must declare them in the main function arguments.\n * \n * You can leave the controller empty if you do not need it.\n */\nfunction ($scope) {\n    var properties = $scope.properties;\n      var icon = \"fa \";\n      if (properties.icon) {\n          icon = icon + properties.icon + \" \";\n      }\n      if (properties.spin) {\n          icon = icon + \"fa-spin fa-fw \";\n      }\n      if (properties.size) {\n          icon = icon + properties.size + \" \";\n      }\n      $scope.icon = icon;\n}","custom":true,"properties":[{"label":"Font Awesome icon","name":"icon","type":"text","bond":"expression"},{"label":"Font Awesome size","name":"size","type":"choice","choiceValues":["fa-lg","fa-2x","fa-3x","fa-4x","fa-5x"],"bond":"expression"},{"label":"Font Awesome spin","name":"spin","type":"boolean","defaultValue":false,"bond":"expression"}],"assets":[{"id":"ac05441c-bd9c-4c75-b708-3206ef7e7822","name":"font-awesome.css","type":"css","order":1,"active":true,"external":false}],"type":"widget"}